{
    "answers": {
        "phase": "coding",
        "action": "source code authoring",
        "scope": "backend",
        "action experience": 5,
        "language": "python",
        "other language": "<fill in>",
        "aimodel": "chatgpt",
        "aimodel version": "4o",
        "open source aimodel": "<fill in>",
        "tool option": "online free",
        "experience with tool": 4,
        "time allocated (h)": "0.4",
        "time saved estimate (h)": 5,
        "quality of ai help": 5,
        "knowledge acquired": 1,
        "generic feeling - now": 5,
        "generic feeling - future": 3,
        "threat level": 0,
        "notes": "A very good result.Very helpful template for the web portal."
    }
}