{
    "answers": {
        "phase": "coding",
        "action": "source code authoring",
        "scope": "api",
        "action experience": 5,
        "language": "python",
        "other language": "<fill in>",
        "aimodel": "open source",
        "aimodel version": "R1",
        "open source aimodel": "DeepSeek",
        "tool option": "online free",
        "experience with tool": 5,
        "time allocated (h)": "0.1",
        "time saved estimate (h)": 1,
        "quality of ai help": 5,
        "knowledge acquired": 0,
        "generic feeling - now": 5,
        "generic feeling - future": 2,
        "threat level": 0,
        "notes": "Easy fast help for the error with the package"
    }
}