{
    "answers": {
        "phase": "deployment",
        "action": "network configuration",
        "scope": "api",
        "action experience": 5,
        "language": "python",
        "other language": "<fill in>",
        "aimodel": "chatgpt",
        "aimodel version": "4o",
        "open source aimodel": "<fill in>",
        "tool option": "online free",
        "experience with tool": 4,
        "time allocated (h)": "0.1",
        "time saved estimate (h)": 1,
        "quality of ai help": 4,
        "knowledge acquired": 2,
        "generic feeling - now": 5,
        "generic feeling - future": 5,
        "threat level": 0,
        "notes": "Correct Instructions to generate a self signed ssl certificate to run the API over https"
    }
}