{
    "answers": {
        "phase": "architecture",
        "action": "design decision",
        "scope": "uml component",
        "action experience": 3,
        "language": "n/a",
        "other language": "<fill in>",
        "aimodel": "open source",
        "aimodel version": "haiku",
        "open source aimodel": "Claude",
        "tool option": "online free",
        "experience with tool": 3,
        "time allocated (h)": "0.1",
        "time saved estimate (h)": 1,
        "quality of ai help": 4,
        "knowledge acquired": 3,
        "generic feeling - now": 3,
        "generic feeling - future": 3,
        "threat level": 0,
        "notes": "An acceptable 3-tier architecture component diagram."
    }
}