{
    "answers": {
        "phase": "design",
        "action": "problem understanding",
        "scope": "uml sequence",
        "action experience": 3,
        "language": "n/a",
        "other language": "<fill in>",
        "aimodel": "gemini",
        "aimodel version": "<fill in>",
        "open source aimodel": "<fill in>",
        "tool option": "online free",
        "experience with tool": 4,
        "time allocated (h)": "0.1",
        "time saved estimate (h)": "0.1",
        "quality of ai help": 2,
        "knowledge acquired": 3,
        "generic feeling - now": 3,
        "generic feeling - future": 3,
        "threat level": 3,
        "notes": "<fill in>"
    }
}