{
    "answers": {
        "phase": "testing",
        "action": "other testing",
        "scope": "api",
        "action experience": 4,
        "language": "python",
        "other language": "<fill in>",
        "aimodel": "chatgpt",
        "aimodel version": "o1",
        "open source aimodel": "<fill in>",
        "tool option": "online full",
        "experience with tool": 4,
        "time allocated (h)": "0.2",
        "time saved estimate (h)": 1,
        "quality of ai help": 2,
        "knowledge acquired": 2,
        "generic feeling - now": 4,
        "generic feeling - future": 2,
        "threat level": 3,
        "notes": "A good start"
    }
}