{
    "answers": {
        "phase": "requirements specification",
        "action": "use case specification",
        "scope": "uml state",
        "action experience": 2,
        "language": "n/a",
        "other language": "<fill in>",
        "aimodel": "gemini",
        "aimodel version": "1.5 Pro",
        "open source aimodel": "<fill in>",
        "tool option": "online full",
        "experience with tool": 3,
        "time allocated (h)": "0.1",
        "time saved estimate (h)": "0.5",
        "quality of ai help": 3,
        "knowledge acquired": 2,
        "generic feeling - now": 4,
        "generic feeling - future": 4,
        "threat level": 0,
        "notes": "\u039c\u03af\u03b1 \u03ba\u03b1\u03bb\u03ae \u03c0\u03c1\u03ce\u03c4\u03b7 \u03c0\u03c1\u03bf\u03c3\u03ad\u03b3\u03b3\u03b9\u03c3\u03b7 \u03b3\u03b9\u03b1 Use Case Info."
    }
}