{
    "answers": {
        "phase": "coding",
        "action": "problem understanding",
        "scope": "backend",
        "action experience": 4,
        "language": "python",
        "other language": "<fill in>",
        "aimodel": "chatgpt",
        "aimodel version": "4o mini",
        "open source aimodel": "<fill in>",
        "tool option": "online free",
        "experience with tool": 4,
        "time allocated (h)": "0.05",
        "time saved estimate (h)": 3,
        "quality of ai help": 5,
        "knowledge acquired": 5,
        "generic feeling - now": 5,
        "generic feeling - future": 4,
        "threat level": 1,
        "notes": "A good explanation of what a session is and what it does exactly in Flask."
    }
}