{
    "answers": {
        "phase": "architecture",
        "action": "architectural decision",
        "scope": "uml sequence",
        "action experience": 2,
        "language": "n/a",
        "other language": "<fill in>",
        "aimodel": "chatgpt",
        "aimodel version": "4o",
        "open source aimodel": "<fill in>",
        "tool option": "online full",
        "experience with tool": 2,
        "time allocated (h)": "0.3",
        "time saved estimate (h)": "0.1",
        "quality of ai help": 2,
        "knowledge acquired": 1,
        "generic feeling - now": 2,
        "generic feeling - future": 3,
        "threat level": 0,
        "notes": "Aimodel failed to make the sequence diagram i asked for and the results were completely wrong"
    }
}