{
    "answers": {
        "phase": "coding",
        "action": "dev-ops",
        "scope": "data management",
        "action experience": 4,
        "language": "sql",
        "aimodel": "chatgpt",
        "tool option": "online full",
        "experience with tool": 4,
        "time allocated (h)": "0.01",
        "time saved estimate (h)": "1",
        "quality of ai help": 5,
        "knowledge acquired": 4,
        "generic feeling - now": 5,
        "generic feeling - future": 5,
        "threat level": 0,
        "notes": "<fill in>"
    }
}