{
    "answers": {
        "phase": "design",
        "action": "design decision",
        "scope": "uml deployment",
        "action experience": 3,
        "language": "n/a",
        "other language": "<fill in>",
        "aimodel": "chatgpt",
        "aimodel version": "4o",
        "open source aimodel": "<fill in>",
        "tool option": "online free",
        "experience with tool": 3,
        "time allocated (h)": "0.2",
        "time saved estimate (h)": "0.3",
        "quality of ai help": 3,
        "knowledge acquired": 2,
        "generic feeling - now": 3,
        "generic feeling - future": 3,
        "threat level": 0,
        "notes": "A deployment diagram that is generally good but lacks a good understanding of the goal with such a deployment strategy."
    }
}