{
    "answers": {
        "phase": "architecture",
        "action": "architectural decision",
        "scope": "uml component",
        "action experience": 1,
        "language": "n/a",
        "other language": "<fill in>",
        "aimodel": "chatgpt",
        "aimodel version": "4o",
        "open source aimodel": "<fill in>",
        "tool option": "online free",
        "experience with tool": 2,
        "time allocated (h)": "0.1",
        "time saved estimate (h)": "0.0",
        "quality of ai help": 0,
        "knowledge acquired": 0,
        "generic feeling - now": 0,
        "generic feeling - future": 0,
        "threat level": 0,
        "notes": "PlantUML was unusable.There were syntax errors."
    }
}