{
    "answers": {
        "phase": "coding",
        "action": "code management",
        "scope": "backend",
        "action experience": 4,
        "language": "python",
        "other language": "<fill in>",
        "aimodel": "chatgpt",
        "aimodel version": "4o",
        "open source aimodel": "<fill in>",
        "tool option": "online free",
        "experience with tool": 3,
        "time allocated (h)": "0.2",
        "time saved estimate (h)": 1,
        "quality of ai help": 4,
        "knowledge acquired": 4,
        "generic feeling - now": 4,
        "generic feeling - future": 3,
        "threat level": 1,
        "notes": "A good suggestion for the login of users to the system."
    }
}