{
    "answers": {
        "phase": "coding",
        "action": "source code authoring",
        "scope": "backend",
        "action experience": 4,
        "language": "python",
        "other language": "<fill in>",
        "aimodel": "chatgpt",
        "aimodel version": "o3-mini",
        "open source aimodel": "<fill in>",
        "tool option": "online full",
        "experience with tool": 4,
        "time allocated (h)": "0.1",
        "time saved estimate (h)": 1,
        "quality of ai help": 4,
        "knowledge acquired": 2,
        "generic feeling - now": 5,
        "generic feeling - future": 2,
        "threat level": 4,
        "notes": "<fill in>"
    }
}