{
    "answers": {
        "phase": "architecture",
        "action": "architectural decision",
        "scope": "uml component",
        "action experience": 3,
        "language": "n/a",
        "other language": "<fill in>",
        "aimodel": "chatgpt",
        "aimodel version": "Software Architect",
        "open source aimodel": "<fill in>",
        "tool option": "online free",
        "experience with tool": 4,
        "time allocated (h)": "0.2",
        "time saved estimate (h)": "2.5",
        "quality of ai help": 4,
        "knowledge acquired": 4,
        "generic feeling - now": 5,
        "generic feeling - future": 3,
        "threat level": 1,
        "notes": "A good start for a proper component diagram.Good seperation in the 3-tier architecture model.Not enough details on the compnent's operations."
    }
}