{
    "answers": {
        "phase": "architecture",
        "action": "architectural decision",
        "scope": "uml deployment",
        "action experience": 4,
        "language": "n/a",
        "other language": "<fill in>",
        "aimodel": "gemini",
        "aimodel version": "Flash 2.0",
        "open source aimodel": "<fill in>",
        "tool option": "online free",
        "experience with tool": 4,
        "time allocated (h)": "0.2",
        "time saved estimate (h)": "0.5",
        "quality of ai help": 4,
        "knowledge acquired": 3,
        "generic feeling - now": 4,
        "generic feeling - future": 2,
        "threat level": 0,
        "notes": "The deployment diagram was simple but effective"
    }
}