{
    "answers": {
        "phase": "testing",
        "action": "unit testing",
        "scope": "backend",
        "action experience": 5,
        "language": "python",
        "other language": "<fill in>",
        "aimodel": "chatgpt",
        "aimodel version": "chatgpt4o mini",
        "open source aimodel": "<fill in>",
        "tool option": "online full",
        "experience with tool": 5,
        "time allocated (h)": "0.1",
        "time saved estimate (h)": 6,
        "quality of ai help": 3,
        "knowledge acquired": 0,
        "generic feeling - now": 5,
        "generic feeling - future": 1,
        "threat level": 4,
        "notes": "<fill in>"
    }
}