{
    "answers": {
        "phase": "design",
        "action": "design decision",
        "scope": "uml deployment",
        "action experience": 3,
        "language": "n/a",
        "other language": "<fill in>",
        "aimodel": "chatgpt",
        "aimodel version": "4o",
        "open source aimodel": "<fill in>",
        "tool option": "online free",
        "experience with tool": 3,
        "time allocated (h)": "0.2",
        "time saved estimate (h)": "0.3",
        "quality of ai help": 3,
        "knowledge acquired": 4,
        "generic feeling - now": 4,
        "generic feeling - future": 3,
        "threat level": 0,
        "notes": "A good deployment diagram.Some errors were made,e.g the cli component should not be on the web server."
    }
}