{"answers": {"phase": "requirements gathering", "action": "problem understanding", "scope": "uml state", "action experience": "3", "language": "n/a", "other language": "<fill in", "aimodel": "chatgpt", "aimodel version": "4o", "open source aimodel": "<fill in", "tool option": "online free", "experience with tool": "4", "time allocated (h)": "0.1", "time saved estimate (h)": "0.1", "quality of ai help": "2", "knowledge acquired": "3", "generic feeling - now": "3", "generic feeling - future": "4", "threat level": "0", "notes": "\u039a\u03ac\u03c0\u03bf\u03b9\u03b5\u03c2 \u03ba\u03b1\u03bb\u03ad\u03c2 \u03b9\u03b4\u03b5\u03ad\u03c2,\u03b1\u03bb\u03bb\u03ac \u03c0\u03bf\u03bb\u03bb\u03ad\u03c2 \u03c0\u03bf\u03c5 \u03b5\u03af\u03bd\u03b1\u03b9 \u03c0\u03c1\u03bf\u03c6\u03b1\u03bd\u03b5\u03af\u03c2 \u03ba\u03b1\u03b9 \u03b5\u03af\u03c7\u03b1\u03bc\u03b5 \u03ae\u03b4\u03b7 \u03c3\u03ba\u03b5\u03c6\u03c4\u03b5\u03af."}}