{
    "answers": {
        "phase": "testing",
        "action": "functional testing",
        "scope": "api",
        "action experience": 4,
        "language": "python",
        "other language": "<fill in>",
        "aimodel": "chatgpt",
        "aimodel version": "4o",
        "open source aimodel": "<fill in>",
        "tool option": "online free",
        "experience with tool": 2,
        "time allocated (h)": "0.2",
        "time saved estimate (h)": "0.3",
        "quality of ai help": 1,
        "knowledge acquired": 0,
        "generic feeling - now": 5,
        "generic feeling - future": 2,
        "threat level": 4,
        "notes": "Very slow to understand a simple requirememt for splitting the files"
    }
}