{
    "answers": {
        "phase": "testing",
        "action": "unit testing",
        "scope": "backend",
        "action experience": 4,
        "language": "python",
        "other language": "<fill in>",
        "aimodel": "copilot",
        "aimodel version": "chatgpt4o",
        "open source aimodel": "<fill in>",
        "tool option": "online full",
        "experience with tool": 5,
        "time allocated (h)": "0.5",
        "time saved estimate (h)": 6,
        "quality of ai help": 3,
        "knowledge acquired": 0,
        "generic feeling - now": 5,
        "generic feeling - future": 3,
        "threat level": 5,
        "notes": "Tests seem good but not extensive enough."
    }
}