{
    "answers": {
        "phase": "requirements gathering",
        "action": "problem understanding",
        "scope": "uml state",
        "action experience": 3,
        "language": "n/a",
        "other language": "<fill in>",
        "aimodel": "gemini",
        "aimodel version": "1.5 pro",
        "open source aimodel": "<fill in>",
        "tool option": "online full",
        "experience with tool": 2,
        "time allocated (h)": "0.1",
        "time saved estimate (h)": "0.25",
        "quality of ai help": 1,
        "knowledge acquired": 1,
        "generic feeling - now": 2,
        "generic feeling - future": 2,
        "threat level": 0,
        "notes": "Some ideas were off,also nothing especially interesting came from the conversation."
    }
}