{
    "answers": {
        "phase": "architecture",
        "action": "architectural decision",
        "scope": "uml component",
        "action experience": 3,
        "language": "n/a",
        "other language": "<fill in>",
        "aimodel": "copilot",
        "aimodel version": "chatgpt o1",
        "open source aimodel": "<fill in>",
        "tool option": "online full",
        "experience with tool": 5,
        "time allocated (h)": "0.1",
        "time saved estimate (h)": "0.5",
        "quality of ai help": 3,
        "knowledge acquired": 2,
        "generic feeling - now": 4,
        "generic feeling - future": 3,
        "threat level": 2,
        "notes": "The component diagram was close to what it actually should be.Some graphics were not quite accurate but the architecture was very close."
    }
}