{
    "answers": {
        "phase": "coding",
        "action": "source code authoring",
        "scope": "frontend",
        "action experience": 4,
        "language": "js",
        "other language": "html",
        "aimodel": "chatgpt",
        "aimodel version": "4o",
        "open source aimodel": "<fill in>",
        "tool option": "online full",
        "experience with tool": 3,
        "time allocated (h)": 2,
        "time saved estimate (h)": 1,
        "quality of ai help": 3,
        "knowledge acquired": 3,
        "generic feeling - now": 3,
        "generic feeling - future": 3,
        "threat level": 0,
        "notes": "<fill in>"
    }
}