{
    "answers": {
        "phase": "deployment",
        "action": "dev-ops",
        "scope": "deployment scripts",
        "action experience": 5,
        "language": "other",
        "other language": "makefile",
        "aimodel": "copilot",
        "aimodel version": "chatgpt 4o",
        "open source aimodel": "<fill in>",
        "tool option": "online full",
        "experience with tool": 4,
        "time allocated (h)": "0.2",
        "time saved estimate (h)": "0.5",
        "quality of ai help": 5,
        "knowledge acquired": 1,
        "generic feeling - now": 5,
        "generic feeling - future": 2,
        "threat level": 2,
        "notes": "Preliminary makefile"
    }
}