{
    "answers": {
        "phase": "requirements specification",
        "action": "data design",
        "scope": "data management",
        "action experience": 1,
        "language": "n/a",
        "other language": "<fill in>",
        "aimodel": "gemini",
        "aimodel version": "Advanced",
        "open source aimodel": "<fill in>",
        "tool option": "online full",
        "experience with tool": 2,
        "time allocated (h)": "0.1",
        "time saved estimate (h)": 0,
        "quality of ai help": 1,
        "knowledge acquired": 1,
        "generic feeling - now": 1,
        "generic feeling - future": 1,
        "threat level": 0,
        "notes": "Mediocre Help in the ER diagram design"
    }
}