{
    "answers": {
        "phase": "testing",
        "action": "unit testing",
        "scope": "backend",
        "action experience": 5,
        "language": "n/a",
        "other language": "<fill in>",
        "aimodel": "copilot",
        "aimodel version": "chatgpt 4o mini",
        "open source aimodel": "<fill in>",
        "tool option": "online full",
        "experience with tool": 5,
        "time allocated (h)": "0.1",
        "time saved estimate (h)": 5,
        "quality of ai help": 5,
        "knowledge acquired": 0,
        "generic feeling - now": 5,
        "generic feeling - future": 2,
        "threat level": 4,
        "notes": "Testing was generated which was good because I did not want to write it myself."
    }
}