{
    "answers": {
        "phase": "coding",
        "action": "source code authoring",
        "scope": "backend",
        "action experience": 5,
        "language": "n/a",
        "other language": "<fill in>",
        "aimodel": "copilot",
        "aimodel version": "chatgpt 4o",
        "open source aimodel": "<fill in>",
        "tool option": "online full",
        "experience with tool": 4,
        "time allocated (h)": "0.1",
        "time saved estimate (h)": 2,
        "quality of ai help": 5,
        "knowledge acquired": 5,
        "generic feeling - now": 5,
        "generic feeling - future": 3,
        "threat level": 0,
        "notes": "Found a way to bypass ssl certification."
    }
}