{
    "answers": {
        "phase": "architecture",
        "action": "architectural decision",
        "scope": "uml deployment",
        "action experience": 4,
        "language": "n/a",
        "other language": "<fill in>",
        "aimodel": "open source",
        "aimodel version": "Claude 3.5 Sonnet",
        "open source aimodel": "Claude 3.5 Sonnet",
        "tool option": "online free",
        "experience with tool": 2,
        "time allocated (h)": "0.1",
        "time saved estimate (h)": "1.5",
        "quality of ai help": 4,
        "knowledge acquired": 5,
        "generic feeling - now": 5,
        "generic feeling - future": 3,
        "threat level": 0,
        "notes": "The deployment diagram is exactly what I would think of.It is a great deployment diagram."
    }
}