{
    "answers": {
        "phase": "architecture",
        "action": "architectural decision",
        "scope": "uml component",
        "action experience": 4,
        "language": "n/a",
        "other language": "<fill in>",
        "aimodel": "open source",
        "aimodel version": "haiku",
        "open source aimodel": "Claude",
        "tool option": "online free",
        "experience with tool": 3,
        "time allocated (h)": "0.1",
        "time saved estimate (h)": "1.5",
        "quality of ai help": 4,
        "knowledge acquired": 5,
        "generic feeling - now": 5,
        "generic feeling - future": 3,
        "threat level": 0,
        "notes": "A very good start for the component diagram.Useful Ideas and nice componentization."
    }
}