{
    "answers": {
        "phase": "requirements gathering",
        "action": "problem understanding",
        "scope": "uml other",
        "action experience": 3,
        "language": "n/a",
        "other language": "<fill in>",
        "aimodel": "chatgpt",
        "aimodel version": "4o",
        "open source aimodel": "<fill in>",
        "tool option": "online full",
        "experience with tool": 2,
        "time allocated (h)": "0.5",
        "time saved estimate (h)": 1,
        "quality of ai help": 3,
        "knowledge acquired": 4,
        "generic feeling - now": 3,
        "generic feeling - future": 4,
        "threat level": 2,
        "notes": "<fill in>"
    }
}