{
    "answers": {
        "phase": "requirements specification",
        "action": "use case specification",
        "scope": "uml state",
        "action experience": 2,
        "language": "n/a",
        "other language": "<fill in>",
        "aimodel": "open source",
        "aimodel version": "<fill in>",
        "open source aimodel": "diagramming ai",
        "tool option": "online free",
        "experience with tool": 0,
        "time allocated (h)": "0.05",
        "time saved estimate (h)": 1,
        "quality of ai help": 3,
        "knowledge acquired": 3,
        "generic feeling - now": 4,
        "generic feeling - future": 2,
        "threat level": 0,
        "notes": "An interesting diagram generated."
    }
}