{
    "answers": {
        "phase": "testing",
        "action": "functional testing",
        "scope": "api",
        "action experience": 4,
        "language": "n/a",
        "other language": "<fill in>",
        "aimodel": "chatgpt",
        "aimodel version": "<fill in>",
        "open source aimodel": "<fill in>",
        "tool option": "online free",
        "experience with tool": 3,
        "time allocated (h)": "0.1",
        "time saved estimate (h)": 1,
        "quality of ai help": 3,
        "knowledge acquired": 3,
        "generic feeling - now": 2,
        "generic feeling - future": 2,
        "threat level": 4,
        "notes": "<fill in>"
    }
}