{
    "answers": {
        "phase": "coding",
        "action": "design decision",
        "scope": "api",
        "action experience": 3,
        "language": "python",
        "other language": "<fill in>",
        "aimodel": "copilot",
        "aimodel version": "chatgpt4o",
        "open source aimodel": "<fill in>",
        "tool option": "online full",
        "experience with tool": 4,
        "time allocated (h)": "0.1",
        "time saved estimate (h)": "3.5",
        "quality of ai help": 3,
        "knowledge acquired": 1,
        "generic feeling - now": 4,
        "generic feeling - future": 2,
        "threat level": 3,
        "notes": "Not a very good 1st answer the 2nd one was better."
    }
}