{
    "answers": {
        "phase": "architecture",
        "action": "architectural decision",
        "scope": "uml component",
        "action experience": 2,
        "language": "n/a",
        "other language": "<fill in>",
        "aimodel": "open source",
        "aimodel version": "DeepSeek R1",
        "open source aimodel": "DeepSeek",
        "tool option": "online free",
        "experience with tool": 5,
        "time allocated (h)": "0.5",
        "time saved estimate (h)": "0.1",
        "quality of ai help": 2,
        "knowledge acquired": 1,
        "generic feeling - now": 2,
        "generic feeling - future": 1,
        "threat level": 0,
        "notes": "DeepSeek tried to invent a plausible architecture,howerver it failed to produce connections that make sense and that are usable."
    }
}