{
    "answers": {
        "phase": "requirements specification",
        "action": "use case specification",
        "scope": "uml activity",
        "action experience": 3,
        "language": "n/a",
        "other language": "<fill in>",
        "aimodel": "chatgpt",
        "aimodel version": "4o",
        "open source aimodel": "<fill in>",
        "tool option": "online free",
        "experience with tool": 1,
        "time allocated (h)": "0.1",
        "time saved estimate (h)": "0.1",
        "quality of ai help": 1,
        "knowledge acquired": 0,
        "generic feeling - now": 1,
        "generic feeling - future": 1,
        "threat level": 0,
        "notes": "Not impressed by the reasoning and diagrams generated."
    }
}