{
    "answers": {
        "phase": "architecture",
        "action": "network configuration",
        "scope": "uml state",
        "action experience": 2,
        "language": "n/a",
        "other language": "<fill in>",
        "aimodel": "chatgpt",
        "aimodel version": "4o",
        "open source aimodel": "<fill in>",
        "tool option": "online free",
        "experience with tool": 3,
        "time allocated (h)": "0.1",
        "time saved estimate (h)": "0.4",
        "quality of ai help": 4,
        "knowledge acquired": 3,
        "generic feeling - now": 2,
        "generic feeling - future": 3,
        "threat level": 1,
        "notes": "<fill in>"
    }
}