{
    "answers": {
        "phase": "coding",
        "action": "source code authoring",
        "scope": "backend",
        "action experience": 4,
        "language": "python",
        "other language": "<fill in>",
        "aimodel": "chatgpt",
        "aimodel version": "4o",
        "open source aimodel": "<fill in>",
        "tool option": "online free",
        "experience with tool": 5,
        "time allocated (h)": "0.3",
        "time saved estimate (h)": "0.8",
        "quality of ai help": 5,
        "knowledge acquired": 4,
        "generic feeling - now": 5,
        "generic feeling - future": 5,
        "threat level": 0,
        "notes": "A very good backend solution."
    }
}