{"answers": {"phase": "coding", "action": "problem understanding", "scope": "frontend", "action experience": 3, "language": "js", "other language": "<fill in>", "aimodel": "chatgpt", "aimodel version": "4o", "open source aimodel": "<fill in>", "tool option": "online full", "experience with tool": 4, "time allocated (h)": "0.5", "time saved estimate (h)": "0.5", "quality of ai help": 2, "knowledge acquired": 4, "generic feeling - now": 3, "generic feeling - future": 3, "threat level": 0, "notes": "<fill in>"}}