{
    "answers": {
        "phase": "requirements specification",
        "action": "use case specification",
        "scope": "uml activity",
        "action experience": 2,
        "language": "n/a",
        "other language": "<fill in>",
        "aimodel": "gemini",
        "aimodel version": "Advanced",
        "open source aimodel": "<fill in>",
        "tool option": "online full",
        "experience with tool": 2,
        "time allocated (h)": "0.1",
        "time saved estimate (h)": "0.3",
        "quality of ai help": 4,
        "knowledge acquired": 2,
        "generic feeling - now": 5,
        "generic feeling - future": 5,
        "threat level": 0,
        "notes": "\u039a\u03b1\u03bb\u03ad\u03c2 \u03c0\u03c1\u03bf\u03c4\u03ac\u03c3\u03b5\u03b9\u03c2."
    }
}