{
    "answers": {
        "phase": "coding",
        "action": "non-functional requirements",
        "scope": "api",
        "action experience": 3,
        "language": "python",
        "other language": "<fill in>",
        "aimodel": "copilot",
        "aimodel version": "4o",
        "open source aimodel": "<fill in>",
        "tool option": "online full",
        "experience with tool": 3,
        "time allocated (h)": "0.05",
        "time saved estimate (h)": "0.1",
        "quality of ai help": 4,
        "knowledge acquired": 2,
        "generic feeling - now": 2,
        "generic feeling - future": 2,
        "threat level": 0,
        "notes": "Simply gave the solution"
    }
}