{
    "answers": {
        "phase": "testing",
        "action": "other testing",
        "scope": "frontend",
        "action experience": 2,
        "language": "n/a",
        "other language": "<fill in>",
        "aimodel": "chatgpt",
        "aimodel version": "4\u03bf",
        "open source aimodel": "<fill in>",
        "tool option": "online full",
        "experience with tool": 4,
        "time allocated (h)": "0.4",
        "time saved estimate (h)": "0.5",
        "quality of ai help": 2,
        "knowledge acquired": 3,
        "generic feeling - now": 3,
        "generic feeling - future": 4,
        "threat level": 1,
        "notes": "<fill in>"
    }
}