{
    "answers": {
        "phase": "architecture",
        "action": "architectural decision",
        "scope": "uml component",
        "action experience": 3,
        "language": "n/a",
        "other language": "<fill in>",
        "aimodel": "copilot",
        "aimodel version": "claude 3.5 sonnet",
        "open source aimodel": "<fill in>",
        "tool option": "online full",
        "experience with tool": 5,
        "time allocated (h)": "0.1",
        "time saved estimate (h)": 0,
        "quality of ai help": 0,
        "knowledge acquired": 0,
        "generic feeling - now": 0,
        "generic feeling - future": 0,
        "threat level": 2,
        "notes": "Awful Job.The AI hallucinated and the results were far from reality."
    }
}