{
    "answers": {
        "phase": "coding",
        "action": "non-functional requirements",
        "scope": "api",
        "action experience": 3,
        "language": "python",
        "other language": "<fill in>",
        "aimodel": "copilot",
        "aimodel version": "gpt 4o",
        "open source aimodel": "<fill in>",
        "tool option": "online full",
        "experience with tool": 4,
        "time allocated (h)": "0.1",
        "time saved estimate (h)": "2.5",
        "quality of ai help": 5,
        "knowledge acquired": 4,
        "generic feeling - now": 5,
        "generic feeling - future": 5,
        "threat level": 0,
        "notes": "Very good suggestions to avoid the massive slow down in the api call to add passes to the database."
    }
}