{
    "answers": {
        "phase": "requirements gathering",
        "action": "problem understanding",
        "scope": "uml state",
        "action experience": 0,
        "language": "n/a",
        "other language": "<fill in>",
        "aimodel": "chatgpt",
        "aimodel version": "4o",
        "open source aimodel": "<fill in>",
        "tool option": "online full",
        "experience with tool": 0,
        "time allocated (h)": "0.25",
        "time saved estimate (h)": "0.75",
        "quality of ai help": 2,
        "knowledge acquired": 3,
        "generic feeling - now": 2,
        "generic feeling - future": 2,
        "threat level": 0,
        "notes": "<fill in>"
    }
}